profile,loss_per_packet_pct,stopped_within_60s_pct,exact_reference_stop_pct,trials,exchanges
Before,0,0.0,0.0,100000,150
Before,0.1,26.087,25.929296784389756,100000,150
Before,0.5,77.742,77.77078001592514,100000,150
Before,1.0,95.093,95.09591059287143,100000,150
Before,5.0,100.0,99.99997924696652,100000,150
Before,10.0,100.0,99.99999999999812,100000,150
Optimized direct,0,0.0,0.0,100000,465
Optimized direct,0.1,0.0,0.00036830908319851474,100000,465
Optimized direct,0.5,0.038,0.04538781043804674,100000,465
Optimized direct,1.0,0.34299999999999997,0.3562277009181769,100000,465
Optimized direct,5.0,32.233000000000004,32.13715622854054,100000,465
Optimized direct,10.0,92.688,92.71483325599135,100000,465
